cyt,Pearson_r
CD274,1.0
IFNAR1,0.540021626830363
CSF1,0.5205087702062385
